CustomerID,Gender,Region,BirthYear
1,F,North,1965
2,F,North,1957
3,F,North,1967
4,M,East,1992
5,F,North,1963
6,M,East,1974
7,M,East,2002
8,F,West,1980
9,F,East,1966
10,F,South,2003
11,F,West,1985
12,F,West,1956
13,F,East,1987
14,M,East,1970
15,F,North,1959
16,F,East,1971
17,F,North,2003
18,F,South,1994
19,F,West,1986
20,M,West,1969
21,M,East,1966
22,M,West,1971
23,F,West,1964
24,F,South,1980
25,M,West,1998
26,M,North,1982
27,M,West,1982
28,F,North,1977
29,F,North,1974
30,M,North,1971
31,M,North,1998
32,F,South,1962
33,M,South,2004
34,F,West,1969
35,M,South,1995
36,F,North,1977
37,F,South,1968
38,F,East,1994
39,F,East,2000
40,F,South,1981
41,F,East,1997
42,F,West,1967
43,F,East,1993
44,F,West,1997
45,M,South,1979
46,F,North,1980
47,M,South,1998
48,M,West,1965
49,F,East,1992
50,M,South,1963
51,F,South,1997
52,M,South,1987
53,M,West,2005
54,F,East,1970
55,M,South,2003
56,M,North,1974
57,M,West,1961
58,F,West,1987
59,F,East,1967
60,M,North,2001
61,F,South,1989
62,F,East,1958
63,F,West,1985
64,F,North,1984
65,M,South,1957
66,M,West,1995
67,M,South,1981
68,M,East,1986
69,M,North,2001
70,M,East,1992
71,F,South,1960
72,F,South,1962
73,F,West,1978
74,M,North,1969
75,F,North,1979
76,F,South,1981
77,F,South,1998
78,F,South,1967
79,M,West,1974
80,F,South,1959
81,F,North,1992
82,F,North,1961
83,F,West,1959
84,M,North,1982
85,F,West,1991
86,M,East,1983
87,M,South,1996
88,F,South,1991
89,M,North,1961
90,M,South,2000
91,F,North,1980
92,F,South,2001
93,M,West,1973
94,F,South,1964
95,F,West,1996
96,F,South,1974
97,F,West,2000
98,M,West,1985
99,F,East,1990
100,M,North,2000
101,F,South,1960
102,M,South,1969
103,F,North,1978
104,F,West,1984
105,M,East,1963
106,M,North,1955
107,M,South,2004
108,F,North,2001
109,M,East,1969
110,M,East,1960
111,F,West,1969
112,F,South,1961
113,M,South,2000
114,M,West,1981
115,M,West,1964
116,F,North,1986
117,M,North,1975
118,F,North,1998
119,F,North,1991
120,F,West,1992
121,M,East,1990
122,F,East,1968
123,F,North,1996
124,F,North,1993
125,M,West,1995
126,F,North,2002
127,F,South,1968
128,M,East,1956
129,F,North,1978
130,F,North,1964
131,M,East,1996
132,F,East,1960
133,F,South,1957
134,F,South,1988
135,M,West,1980
136,M,South,1964
137,F,South,1992
138,M,North,1975
139,M,North,1979
140,M,South,1956
141,F,West,1990
142,M,West,1955
143,F,East,1998
144,M,South,1996
145,M,East,1990
146,M,South,1998
147,M,South,1978
148,M,North,1964
149,F,South,2005
150,M,North,1989
151,M,West,1976
152,M,West,2000
153,M,South,2001
154,F,West,1988
155,F,South,1986
156,F,East,1970
157,M,West,1984
158,F,South,1990
159,F,East,1985
160,M,East,1984
161,F,South,1959
162,M,West,1978
163,F,West,2000
164,F,South,1990
165,M,North,1981
166,M,West,1968
167,F,West,1991
168,M,West,1967
169,F,South,1974
170,F,South,1982
171,M,South,2005
172,M,East,1960
173,M,West,1963
174,M,North,1976
175,F,West,1977
176,M,East,1962
177,F,West,1955
178,M,South,1961
179,M,West,1966
180,M,North,1993
181,F,West,1971
182,M,South,2004
183,F,West,1970
184,F,South,1958
185,F,East,1991
186,F,East,1963
187,F,East,1963
188,F,West,1981
189,M,West,1966
190,M,East,1988
191,F,East,1977
192,F,South,1989
193,M,South,1994
194,M,North,1963
195,M,South,1997
196,F,West,1967
197,F,East,2004
198,F,North,2000
199,F,East,1997
200,F,East,1956
201,F,East,2001
202,F,West,1956
203,M,South,1983
204,F,South,1999
205,M,South,1976
206,F,West,1997
207,F,South,1975
208,F,East,2001
209,M,West,1960
210,M,North,2001
211,M,South,1982
212,M,West,1970
213,M,North,1955
214,F,East,1977
215,F,East,1962
216,F,North,1962
217,F,East,1996
218,M,West,1955
219,M,South,1965
220,M,East,1962
221,F,West,2001
222,M,South,2005
223,F,West,1985
224,M,East,2000
225,F,West,1990
226,F,South,1962
227,F,North,1978
228,M,East,1981
229,F,East,1983
230,M,South,1998
231,F,West,1972
232,M,South,1963
233,M,North,1990
234,M,South,1992
235,M,North,1968
236,F,East,1967
237,F,South,1994
238,F,South,1978
239,M,East,1993
240,M,North,1968
241,F,North,1962
242,F,West,1966
243,F,South,1985
244,M,West,1988
245,F,East,1990
246,F,South,1975
247,F,North,1958
248,M,North,1965
249,F,North,1996
250,M,East,1991
251,F,East,1995
252,F,West,1961
253,M,East,1966
254,M,East,1959
255,F,West,1957
256,F,South,1986
257,F,West,1994
258,F,North,1989
259,F,North,1990
260,M,South,1966
261,M,South,1984
262,F,South,1987
263,F,South,1994
264,M,South,1995
265,M,East,1957
266,M,South,1980
267,M,East,1992
268,M,West,1995
269,M,West,1988
270,F,South,1957
271,F,South,1968
272,M,West,1999
273,F,East,2000
274,F,South,1968
275,M,South,1971
276,M,South,1969
277,M,West,1966
278,F,South,1993
279,F,West,1995
280,F,South,1998
281,F,West,1984
282,F,East,2003
283,F,South,2005
284,M,East,1961
285,M,West,2002
286,M,West,1989
287,F,South,2005
288,F,East,2005
289,M,West,1985
290,F,East,1994
291,F,West,1991
292,M,East,1968
293,M,West,2005
294,F,West,1982
295,M,East,1966
296,M,North,1995
297,F,North,1960
298,F,South,1958
299,F,South,1987
300,F,North,1959
301,M,West,1963
302,M,West,1993
303,M,North,1972
304,M,East,1986
305,M,East,1985
306,F,West,1988
307,M,East,1994
308,F,East,1981
309,M,South,1991
310,M,East,1991
311,M,South,1993
312,M,North,1998
313,F,North,1967
314,M,West,1958
315,M,East,1963
316,F,West,1962
317,F,East,2000
318,F,West,1960
319,M,West,1987
320,F,South,1960
321,M,South,2002
322,M,East,1971
323,F,North,1991
324,M,West,1967
325,M,West,1976
326,F,East,2004
327,M,North,1973
328,F,North,1982
329,M,West,1997
330,F,East,1979
331,F,East,1998
332,F,West,1962
333,M,North,1999
334,M,South,1986
335,M,South,2001
336,F,South,1965
337,F,West,1992
338,F,North,1972
339,F,North,2002
340,M,South,1981
341,M,East,1992
342,M,East,1991
343,M,West,2000
344,M,East,1996
345,M,North,1990
346,F,North,1995
347,F,West,1988
348,M,East,1969
349,M,North,1967
350,M,West,1981
351,F,East,1973
352,M,South,1990
353,F,West,1967
354,F,South,1961
355,M,West,1999
356,F,East,1955
357,F,West,1995
358,M,North,1975
359,F,South,1970
360,M,East,2003
361,M,South,1983
362,M,West,1978
363,M,West,1973
364,F,West,1981
365,F,West,2002
366,M,West,2001
367,F,West,1955
368,M,North,1981
369,F,South,1968
370,M,West,1965
371,F,South,1977
372,F,East,2001
373,F,South,1974
374,M,South,1980
375,M,North,1972
376,M,North,1990
377,M,South,1984
378,M,South,1958
379,M,East,1973
380,F,South,1959
381,M,East,1956
382,F,North,1964
383,M,North,2003
384,M,South,1997
385,M,East,1997
386,F,East,1965
387,M,South,2005
388,F,East,1976
389,M,South,1997
390,M,North,1962
391,M,West,1957
392,F,West,1995
393,M,South,1994
394,M,West,1972
395,M,North,2004
396,M,North,1976
397,F,North,1965
398,F,East,1956
399,M,East,1976
400,F,South,1995
401,M,East,2005
402,M,West,1969
403,M,West,1962
404,F,East,1973
405,F,East,1963
406,M,North,1959
407,F,North,1962
408,F,North,1987
409,M,North,2003
410,F,North,1969
411,F,West,1969
412,F,East,1995
413,F,South,1961
414,M,East,1975
415,F,West,2000
416,F,South,1980
417,M,West,1955
418,M,North,2005
419,F,South,1980
420,F,West,1980
421,M,East,1982
422,M,West,1963
423,F,West,1980
424,F,East,2005
425,M,East,1967
426,M,North,1959
427,F,East,2000
428,M,East,1972
429,F,North,1977
430,M,West,1982
431,M,West,1991
432,M,East,1959
433,F,North,1981
434,F,West,1974
435,M,West,1990
436,F,West,1991
437,M,West,1988
438,M,East,1968
439,F,West,2001
440,F,North,1960
441,F,North,1981
442,M,East,1956
443,F,South,1963
444,M,West,1965
445,F,East,1959
446,M,South,1965
447,M,East,1957
448,M,East,1980
449,F,South,1968
450,M,North,1963
451,M,South,1973
452,F,West,1971
453,F,South,2003
454,M,West,2000
455,F,West,1978
456,M,North,1968
457,M,East,1964
458,M,South,1961
459,M,West,1967
460,F,South,1989
461,F,South,1985
462,M,West,1992
463,F,West,1996
464,M,East,1991
465,M,South,1983
466,F,West,1960
467,F,East,1962
468,F,South,1979
469,M,South,1959
470,F,West,1964
471,F,North,1977
472,F,West,1955
473,F,South,1967
474,M,North,1991
475,F,West,1980
476,F,North,1973
477,M,East,1980
478,M,West,2002
479,M,South,2004
480,M,South,2005
481,M,North,1996
482,M,North,1956
483,F,East,1995
484,M,West,1973
485,F,East,1966
486,F,North,1998
487,F,South,1989
488,F,East,1986
489,M,West,1967
490,F,South,1990
491,F,West,1955
492,F,North,1987
493,M,North,1958
494,M,West,1956
495,F,West,1962
496,M,North,1970
497,F,East,1976
498,M,East,1964
499,F,West,1963
500,M,West,1961
501,M,North,1994
502,F,West,1971
503,F,West,1984
504,F,South,1965
505,F,West,1997
506,M,West,1969
507,F,West,1961
508,F,East,1957
509,F,North,1977
510,M,North,1981
511,F,South,1984
512,F,East,2002
513,F,East,1970
514,M,North,1968
515,F,West,1976
516,M,North,2004
517,M,West,1974
518,F,West,1964
519,F,East,1983
520,F,North,1958
521,F,South,1985
522,M,North,1968
523,M,South,1959
524,M,East,1992
525,M,West,1958
526,F,North,1965
527,F,East,1979
528,M,East,1966
529,F,West,1985
530,F,South,1965
531,M,West,1993
532,F,North,1986
533,M,East,1965
534,F,West,1961
535,F,South,1956
536,F,South,1955
537,F,South,1979
538,M,East,1963
539,M,West,2000
540,F,East,1990
541,M,South,1983
542,M,West,1964
543,F,North,1981
544,F,South,1973
545,F,West,1973
546,F,East,1974
547,F,North,1983
548,M,West,1957
549,F,West,1976
550,F,South,1976
551,F,West,1983
552,F,East,1977
553,M,East,1994
554,F,South,1980
555,M,North,2001
556,F,North,1976
557,M,West,1992
558,F,South,1963
559,M,East,1975
560,M,South,1990
561,F,West,2004
562,F,East,2002
563,M,West,1990
564,F,East,1986
565,F,East,1986
566,F,East,1988
567,M,South,1977
568,M,East,1980
569,M,North,1970
570,M,North,1992
571,M,West,2003
572,M,West,1957
573,F,South,1999
574,M,East,1956
575,F,East,1990
576,F,East,1963
577,M,South,1982
578,M,North,1978
579,M,East,2003
580,F,West,1999
581,M,North,1982
582,M,East,1961
583,F,East,1980
584,F,North,2000
585,M,South,1955
586,M,East,1995
587,F,South,1999
588,F,West,1995
589,F,East,1989
590,M,East,1972
591,F,East,1976
592,M,East,1967
593,F,South,1970
594,M,South,2001
595,M,North,2005
596,F,South,1983
597,F,South,1975
598,F,West,1996
599,M,North,1963
600,M,West,1983
601,M,North,1966
602,M,East,1962
603,M,West,1964
604,F,North,1988
605,F,South,2001
606,F,West,1974
607,F,North,1970
608,M,West,1996
609,F,East,1999
610,M,South,1965
611,F,East,2002
612,F,South,1968
613,M,North,1985
614,F,North,1994
615,F,North,2005
616,M,North,1988
617,M,West,1958
618,F,North,2004
619,F,South,2002
620,F,East,1961
621,M,West,1996
622,F,East,1992
623,F,East,1955
624,M,West,2004
625,F,East,2000
626,M,North,1978
627,M,East,1996
628,F,East,1982
629,M,South,1978
630,M,West,1967
631,F,West,1992
632,M,South,1964
633,M,North,1980
634,M,South,1956
635,M,North,1987
636,F,East,1982
637,F,East,1981
638,F,North,1960
639,M,East,2005
640,F,North,1971
641,F,South,1987
642,F,South,1969
643,F,East,2000
644,M,West,1957
645,M,South,1964
646,M,West,1983
647,M,West,1961
648,M,North,2004
649,F,South,1990
650,F,East,1998
651,F,East,1976
652,M,North,1985
653,M,West,1993
654,F,West,1968
655,M,South,1956
656,F,South,2003
657,F,North,1960
658,M,North,1973
659,M,North,1981
660,F,East,1960
661,M,West,1956
662,F,East,1967
663,F,North,2001
664,F,South,1964
665,M,North,1994
666,F,West,1959
667,F,North,1968
668,F,North,1985
669,M,North,1979
670,F,East,1960
671,M,East,1966
672,M,South,1957
673,M,East,2001
674,F,West,2004
675,F,North,1977
676,M,North,1955
677,F,North,1969
678,F,South,2003
679,F,East,1994
680,F,North,1967
681,M,North,1992
682,F,North,1968
683,F,South,1973
684,M,West,1963
685,M,East,1982
686,M,South,1987
687,F,East,1987
688,M,West,1999
689,F,North,1993
690,F,West,1987
691,M,South,1958
692,M,West,1972
693,M,South,1980
694,F,South,1979
695,M,East,1989
696,M,West,1993
697,F,South,1972
698,M,West,1987
699,M,South,1972
700,M,North,1983
701,M,West,1995
702,M,South,1962
703,M,North,2003
704,F,West,1956
705,M,North,1958
706,F,South,1969
707,M,North,1962
708,M,East,1984
709,M,East,2001
710,M,East,1993
711,M,West,1978
712,F,West,1995
713,M,North,1966
714,M,West,1990
715,M,West,1968
716,M,East,1997
717,M,West,1986
718,M,East,2005
719,M,North,1968
720,F,South,1982
721,M,North,1997
722,F,North,1974
723,M,South,1967
724,F,East,2000
725,M,West,1999
726,F,East,1971
727,F,West,1984
728,F,North,2002
729,M,East,1994
730,M,North,1971
731,F,North,1986
732,F,West,1998
733,F,East,1973
734,M,North,1963
735,M,West,1997
736,M,East,1980
737,F,South,1955
738,F,North,2003
739,F,East,1973
740,F,South,1999
741,F,North,1966
742,F,South,1998
743,F,North,1982
744,M,East,1999
745,F,South,1992
746,M,South,1985
747,F,South,1967
748,F,East,1997
749,F,North,1965
750,F,East,1966
751,M,South,1977
752,M,South,2001
753,F,South,1983
754,F,West,1963
755,M,East,1968
756,F,South,1986
757,M,North,1957
758,M,North,1961
759,F,East,1960
760,F,North,1989
761,M,East,1981
762,M,East,1982
763,F,South,1977
764,F,East,1964
765,M,South,1971
766,M,North,1969
767,M,North,1968
768,F,South,1965
769,M,South,1983
770,M,North,1972
771,M,East,1980
772,F,West,2001
773,F,South,2005
774,F,South,1979
775,F,West,1994
776,M,South,1997
777,F,East,1955
778,M,East,1957
779,F,West,1973
780,F,West,1965
781,M,West,1982
782,M,South,2005
783,M,West,1972
784,M,North,2000
785,F,East,1968
786,M,South,1967
787,M,East,1973
788,M,North,1998
789,F,West,2005
790,M,East,1986
791,F,North,1997
792,M,West,1987
793,F,West,1960
794,F,West,1984
795,F,East,1964
796,F,South,1984
797,F,South,1963
798,M,South,1960
799,M,North,1999
800,M,West,1960
801,F,North,1974
802,F,East,1971
803,F,South,1956
804,M,East,1956
805,F,North,1964
806,F,South,1955
807,M,East,1988
808,F,East,2001
809,M,East,1990
810,M,East,1994
811,F,North,2005
812,M,North,1974
813,M,West,1986
814,F,East,1971
815,M,North,1993
816,M,South,1976
817,M,South,1959
818,F,West,1955
819,M,East,1985
820,F,West,1972
821,M,South,1959
822,M,South,1979
823,M,West,1961
824,F,East,1968
825,M,North,1961
826,F,West,1984
827,M,West,1971
828,M,West,1967
829,F,East,1978
830,M,West,1990
831,M,East,1966
832,M,North,1972
833,F,North,1977
834,M,West,1976
835,F,North,1979
836,M,West,1998
837,M,South,1979
838,M,North,1990
839,F,South,1975
840,F,North,2002
841,F,West,2000
842,M,East,1983
843,M,North,1962
844,M,East,2003
845,F,West,1959
846,M,West,1956
847,F,East,1977
848,F,North,1956
849,F,South,1976
850,F,South,1975
851,F,West,1998
852,M,West,2003
853,M,West,1971
854,M,South,1994
855,F,West,1985
856,M,West,1979
857,M,West,1961
858,F,East,1979
859,M,West,1972
860,F,South,1986
861,M,East,1962
862,M,North,2001
863,M,South,1968
864,F,West,2002
865,F,North,1960
866,M,North,1977
867,M,East,1969
868,F,West,1976
869,F,East,1990
870,F,West,1957
871,F,West,1999
872,M,East,1998
873,M,West,1963
874,F,East,1959
875,M,South,1966
876,M,East,1983
877,F,North,1955
878,F,South,1987
879,F,South,1975
880,F,West,1975
881,M,South,1981
882,F,South,1956
883,F,East,1962
884,F,South,1966
885,F,South,1976
886,F,South,2003
887,M,East,1963
888,F,East,1998
889,F,South,1992
890,F,South,1983
891,F,West,1957
892,M,North,1976
893,F,South,1958
894,F,North,1983
895,F,North,1995
896,M,West,1967
897,M,South,1978
898,M,East,1956
899,F,East,1957
900,F,South,1969
901,M,North,1978
902,M,East,2004
903,M,East,1980
904,F,North,1962
905,M,West,1994
906,F,West,2001
907,F,East,1959
908,M,North,1962
909,M,South,2000
910,M,North,1993
911,M,East,2000
912,M,West,1986
913,F,South,1985
914,F,South,1962
915,M,East,1971
916,F,West,1977
917,M,East,1993
918,F,North,2004
919,M,West,1967
920,F,West,1998
921,M,North,1969
922,F,West,1999
923,M,South,1982
924,M,South,2002
925,F,East,1984
926,M,North,1969
927,M,South,1992
928,F,West,1962
929,F,West,2000
930,M,East,1969
931,M,West,1992
932,F,North,1993
933,F,South,2005
934,M,East,1988
935,M,East,1990
936,M,South,1974
937,F,South,1998
938,M,North,1967
939,F,West,1998
940,F,West,1999
941,F,South,2001
942,F,West,1975
943,F,South,2001
944,M,West,1977
945,M,South,2000
946,F,West,1957
947,F,North,1976
948,F,East,1983
949,F,West,1994
950,F,South,1984
951,F,North,1978
952,M,North,1979
953,M,East,1966
954,F,North,2004
955,M,East,1974
956,M,West,1987
957,M,West,1993
958,M,West,1976
959,M,South,2000
960,M,West,1973
961,M,East,1986
962,M,West,2005
963,F,North,1980
964,F,East,1998
965,F,West,1961
966,M,South,1962
967,M,East,1965
968,F,East,1994
969,M,East,1970
970,M,South,1963
971,M,West,1995
972,M,North,1958
973,M,North,1965
974,F,South,1964
975,M,North,1983
976,M,East,1995
977,M,East,1959
978,F,North,1957
979,M,East,1967
980,M,South,1970
981,F,East,1995
982,M,South,1962
983,M,West,1982
984,M,East,1978
985,M,West,1992
986,M,North,1956
987,F,North,1960
988,M,East,1973
989,M,South,1972
990,M,South,1992
991,F,South,1978
992,F,South,1993
993,M,South,1974
994,M,South,1978
995,M,South,1956
996,M,North,1990
997,F,West,1970
998,F,West,1989
999,F,North,1961
1000,M,North,1984
1001,M,North,1989
1002,M,East,1993
1003,F,South,1997
1004,M,West,1970
1005,M,North,1970
1006,M,South,1978
1007,M,South,1968
1008,M,South,1970
1009,F,South,1986
1010,F,East,1961
1011,F,West,1979
1012,M,South,1977
1013,F,North,1956
1014,F,North,1963
1015,M,East,1991
1016,F,East,1996
1017,M,West,1986
1018,M,South,1997
1019,M,East,1976
1020,F,East,1972
1021,F,North,1996
1022,M,East,2000
1023,M,North,1977
1024,F,West,1963
1025,F,West,1981
1026,F,North,1988
1027,F,North,1963
1028,F,West,1975
1029,M,South,1971
1030,F,North,1959
1031,F,East,1968
1032,M,West,1972
1033,M,East,1978
1034,M,West,2005
1035,F,North,1963
1036,M,North,1985
1037,F,North,1975
1038,M,North,1989
1039,M,North,1980
1040,M,West,1971
1041,M,East,1958
1042,F,South,1961
1043,M,West,1957
1044,M,North,1995
1045,F,North,1985
1046,M,South,1975
1047,F,North,1968
1048,M,East,1998
1049,F,East,1981
1050,M,South,1992
1051,F,North,1977
1052,M,North,1964
1053,F,East,2000
1054,F,East,1975
1055,M,North,2004
1056,F,North,1957
1057,M,North,2002
1058,F,North,1965
1059,F,North,1967
1060,F,East,1963
1061,M,West,2000
1062,M,East,1969
1063,F,East,2005
1064,M,West,1956
1065,F,East,1978
1066,M,South,1967
1067,M,East,1978
1068,M,West,1977
1069,M,North,2004
1070,M,East,1988
1071,M,East,1957
1072,M,West,1968
1073,M,East,1980
1074,M,South,1955
1075,M,East,1983
1076,M,East,1966
1077,M,North,1959
1078,M,North,2005
1079,M,West,1995
1080,F,North,1961
1081,F,North,1989
1082,F,South,1961
1083,M,East,2001
1084,F,South,1979
1085,M,East,1986
1086,F,North,1982
1087,M,East,1997
1088,F,East,1980
1089,M,East,1964
1090,F,South,1987
1091,F,North,1963
1092,F,West,1989
1093,F,North,1960
1094,F,South,1972
1095,M,South,1958
1096,M,South,1973
1097,F,West,1960
1098,F,West,1987
1099,M,West,1958
1100,F,North,1987
1101,M,North,2003
1102,F,North,1958
1103,F,South,1975
1104,F,West,1982
1105,F,West,1961
1106,F,South,1962
1107,M,North,1989
1108,F,East,1966
1109,F,East,1973
1110,F,North,1996
1111,M,West,1992
1112,F,East,1972
1113,F,South,1982
1114,F,West,1992
1115,F,North,1986
1116,M,South,1984
1117,F,East,1986
1118,M,North,1976
1119,F,West,2004
1120,F,East,1959
1121,M,South,1997
1122,F,North,1961
1123,M,West,1963
1124,M,South,1957
1125,M,South,1973
1126,M,South,1998
1127,F,South,1972
1128,M,North,1984
1129,F,East,2001
1130,F,West,1991
1131,F,West,1962
1132,M,East,1983
1133,M,South,1998
1134,M,South,1971
1135,M,South,1973
1136,M,West,1968
1137,M,East,1970
1138,M,North,1969
1139,F,East,1990
1140,F,East,1972
1141,F,South,1994
1142,F,South,1991
1143,M,West,1985
1144,M,North,2003
1145,M,South,1994
1146,F,West,1967
1147,F,West,1963
1148,F,West,2000
1149,F,West,2003
1150,F,West,1992
1151,F,South,1961
1152,F,South,1987
1153,M,East,1978
1154,M,North,1990
1155,F,West,1981
1156,F,North,1997
1157,F,West,1964
1158,F,East,1967
1159,F,West,1976
1160,M,West,1999
1161,M,East,1960
1162,F,South,2004
1163,F,North,1975
1164,F,East,1981
1165,M,East,1998
1166,F,South,1988
1167,M,West,1960
1168,M,South,1961
1169,M,West,1989
1170,F,North,1984
1171,M,North,1965
1172,F,North,1984
1173,F,South,1975
1174,F,North,1995
1175,F,South,2000
1176,F,North,1965
1177,F,South,1960
1178,F,North,1973
1179,M,East,2001
1180,F,South,1979
1181,F,East,1986
1182,F,North,1981
1183,F,South,2000
1184,F,North,1966
1185,F,South,1967
1186,M,West,1959
1187,M,East,1966
1188,F,West,2003
1189,F,North,1980
1190,F,South,2005
1191,F,East,1989
1192,F,East,1972
1193,F,East,1972
1194,M,North,1995
1195,M,North,1957
1196,M,East,1980
1197,M,South,1997
1198,M,North,2002
1199,M,North,1969
1200,F,North,1992
1201,M,West,1980
1202,F,East,1995
1203,F,South,1955
1204,M,North,1968
1205,F,South,2005
1206,M,North,1989
1207,M,North,1963
1208,M,South,1981
1209,F,South,1995
1210,F,South,1986
1211,F,East,1959
1212,M,South,1986
1213,M,South,1985
1214,M,South,1960
1215,F,South,1985
1216,F,South,1985
1217,M,South,1998
1218,F,South,1993
1219,M,North,1961
1220,F,South,1964
1221,M,South,2002
1222,M,West,2003
1223,M,South,1985
1224,M,West,1999
1225,M,South,1959
1226,F,South,1986
1227,F,North,1968
1228,F,West,1995
1229,F,East,1968
1230,M,South,1962
1231,F,North,1974
1232,F,East,1996
1233,F,West,1995
1234,M,South,1993
1235,F,North,1964
1236,M,East,1964
1237,M,East,1962
1238,M,East,1971
1239,F,East,1992
1240,M,East,2005
1241,M,North,1967
1242,F,South,1991
1243,F,West,1990
1244,M,East,1975
1245,M,North,1998
1246,F,South,2001
1247,F,North,1956
1248,M,West,1984
1249,F,North,2001
1250,M,East,1973
1251,M,South,1994
1252,M,North,1969
1253,F,South,1978
1254,M,East,1996
1255,F,West,1967
1256,F,West,1978
1257,M,South,2005
1258,M,East,1955
1259,F,West,1997
1260,M,North,1972
1261,M,South,2005
1262,M,South,1972
1263,F,East,2005
1264,M,East,1993
1265,M,West,1991
1266,F,South,2000
1267,M,North,1965
1268,F,North,1982
1269,M,North,1965
1270,F,North,1986
1271,F,East,1988
1272,M,West,1995
1273,M,East,1955
1274,M,North,1969
1275,F,North,1978
1276,M,West,1994
1277,M,South,1956
1278,F,East,1960
1279,F,West,1956
1280,M,North,1971
1281,M,North,1961
1282,M,South,1957
1283,F,West,1978
1284,F,West,2005
1285,M,North,1966
1286,M,South,1972
1287,F,East,1962
1288,F,North,1998
1289,M,North,1980
1290,F,South,1955
1291,M,South,1955
1292,F,West,1996
1293,M,North,1957
1294,F,East,1996
1295,F,North,1958
1296,M,South,1978
1297,M,East,1966
1298,F,North,1968
1299,M,West,1994
1300,M,East,1978
1301,M,South,1984
1302,M,West,1993
1303,M,West,1987
1304,F,West,2003
1305,F,South,1975
1306,M,South,1969
1307,F,North,2001
1308,M,West,1986
1309,F,East,1991
1310,F,East,1985
1311,F,West,1955
1312,M,South,2005
1313,F,North,1987
1314,M,South,1988
1315,F,South,1997
1316,M,West,1998
1317,M,West,1965
1318,F,North,1994
1319,M,West,1990
1320,F,South,1988
1321,F,East,1963
1322,F,West,1985
1323,M,North,1983
1324,M,North,1967
1325,M,South,1964
1326,M,West,1963
1327,M,North,1999
1328,F,South,1957
1329,F,South,2003
1330,F,West,1972
1331,M,West,1981
1332,F,West,1986
1333,F,South,1962
1334,F,South,1967
1335,M,East,1972
1336,M,South,1980
1337,M,North,1970
1338,M,South,1975
1339,M,West,2000
1340,M,South,1979
1341,M,West,1999
1342,M,South,1958
1343,F,East,1987
1344,F,South,1984
1345,M,South,1985
1346,F,North,1987
1347,F,East,1960
1348,F,West,1969
1349,F,North,1969
1350,F,South,1993
1351,F,North,1985
1352,F,West,1963
1353,F,West,1986
1354,F,North,1999
1355,F,East,1992
1356,M,West,1996
1357,M,East,1975
1358,F,West,1966
1359,F,East,1989
1360,M,West,1969
1361,M,North,1997
1362,M,East,1982
1363,M,North,1986
1364,M,North,2005
1365,M,West,1980
1366,M,South,1964
1367,F,North,1995
1368,M,South,1977
1369,F,West,1955
1370,M,North,1970
1371,F,South,1975
1372,M,East,2001
1373,F,South,1971
1374,F,North,1974
1375,F,South,1980
1376,F,West,1971
1377,M,South,1979
1378,M,East,1979
1379,M,South,1958
1380,M,East,1982
1381,F,South,1955
1382,M,West,1968
1383,M,West,1976
1384,M,South,1968
1385,F,North,1969
1386,M,North,1959
1387,M,East,1969
1388,M,East,1998
1389,M,North,2001
1390,M,East,1988
1391,M,North,1983
1392,M,South,1976
1393,F,East,1970
1394,M,South,1961
1395,F,North,1955
1396,F,East,2005
1397,F,East,1961
1398,F,East,1996
1399,F,East,1976
1400,F,South,2004
1401,F,East,1962
1402,M,East,1992
1403,F,West,1955
1404,F,East,1977
1405,F,East,1986
1406,F,West,1979
1407,F,North,1999
1408,M,South,1962
1409,M,North,1978
1410,M,West,1990
1411,M,West,1959
1412,F,South,2001
1413,M,East,1991
1414,M,East,1978
1415,M,North,1997
1416,F,West,1996
1417,F,South,1995
1418,M,West,1962
1419,M,East,1956
1420,M,West,1986
1421,F,South,1977
1422,M,West,1986
1423,F,South,2002
1424,F,South,1957
1425,F,South,2004
1426,M,North,1972
1427,M,East,1996
1428,F,East,2004
1429,F,East,1989
1430,F,South,1982
1431,M,South,1974
1432,M,West,1976
1433,F,South,1955
1434,F,South,1996
1435,F,North,1962
1436,M,South,1962
1437,F,South,1974
1438,F,South,1971
1439,F,South,1969
1440,F,West,1997
1441,F,North,2002
1442,M,South,1976
1443,F,East,1970
1444,F,South,1987
1445,M,North,1978
1446,F,South,1974
1447,M,East,1984
1448,M,West,1987
1449,F,South,1979
1450,F,North,2000
1451,F,South,2000
1452,M,North,1990
1453,F,South,1962
1454,F,South,1984
1455,F,West,1970
1456,M,West,1994
1457,F,South,1969
1458,M,North,1981
1459,M,East,2004
1460,F,West,1999
1461,M,South,1964
1462,F,North,1978
1463,M,South,1985
1464,F,South,1992
1465,F,West,1973
1466,F,North,1955
1467,M,South,1956
1468,M,West,1993
1469,M,North,1966
1470,F,North,1984
1471,M,South,1994
1472,M,South,1967
1473,F,North,1979
1474,F,North,1987
1475,F,West,1979
1476,F,East,1972
1477,F,North,1962
1478,M,South,1986
1479,F,North,1966
1480,F,South,1973
1481,M,East,1975
1482,F,North,1998
1483,F,South,1956
1484,M,South,2001
1485,F,South,1965
1486,M,West,2005
1487,M,South,1979
1488,F,East,1955
1489,M,South,1989
1490,F,North,1987
1491,F,East,1995
1492,M,South,1981
1493,M,East,1975
1494,M,North,1968
1495,M,East,2002
1496,F,West,1957
1497,M,West,1995
1498,F,East,1983
1499,F,South,1971
1500,F,South,2003
1501,F,South,1958
1502,M,South,1998
1503,M,North,2000
1504,F,North,1976
1505,M,West,1968
1506,M,East,1968
1507,M,North,2002
1508,M,West,1963
1509,M,South,1956
1510,M,West,1991
1511,F,North,1959
1512,F,East,1972
1513,F,North,1997
1514,F,East,1986
1515,M,East,1995
1516,F,South,1963
1517,F,East,1998
1518,F,East,1958
1519,M,South,1957
1520,F,West,1991
1521,M,East,1975
1522,F,North,1993
1523,F,North,2000
1524,M,West,1984
1525,F,West,1991
1526,M,North,1978
1527,F,East,1955
1528,M,East,1970
1529,M,South,1982
1530,F,West,1984
1531,F,East,1973
1532,F,West,1977
1533,M,East,1988
1534,M,West,2004
1535,M,North,1991
1536,M,North,1977
1537,F,East,1997
1538,M,South,1970
1539,F,West,1995
1540,M,North,1986
1541,F,West,1970
1542,M,East,1989
1543,M,South,1981
1544,F,South,1957
1545,F,East,1974
1546,F,North,1981
1547,M,South,1956
1548,M,South,1967
1549,F,South,1960
1550,F,West,1968
1551,F,West,1978
1552,F,North,1981
1553,M,East,1963
1554,M,West,2004
1555,F,South,1977
1556,F,North,1989
1557,F,West,1998
1558,M,North,2005
1559,F,South,1991
1560,M,North,1968
1561,F,South,1980
1562,F,North,1962
1563,M,East,1999
1564,F,North,1985
1565,F,East,1962
1566,M,East,1990
1567,M,South,1984
1568,F,North,1970
1569,F,West,1985
1570,M,East,1985
1571,M,South,1989
1572,M,West,1991
1573,F,North,1968
1574,F,East,2001
1575,F,North,1993
1576,M,North,1979
1577,F,West,1955
1578,M,South,1983
1579,M,South,1982
1580,F,West,1983
1581,M,South,1964
1582,M,North,1962
1583,F,West,1994
1584,F,East,1984
1585,M,West,1984
1586,M,West,1995
1587,F,West,1960
1588,F,North,1969
1589,F,West,1978
1590,F,North,1967
1591,F,South,1963
1592,M,North,2004
1593,M,East,1974
1594,M,South,1990
1595,F,West,2003
1596,F,North,1967
1597,F,East,1981
1598,M,West,1972
1599,M,North,1962
1600,F,South,1996
1601,M,North,2003
1602,M,East,1962
1603,F,North,2005
1604,F,East,1978
1605,M,North,1998
1606,M,East,1994
1607,M,North,1981
1608,F,North,2005
1609,F,North,1974
1610,F,East,1989
1611,F,West,1962
1612,M,North,1978
1613,F,North,1994
1614,F,South,1966
1615,M,North,2001
1616,F,North,1987
1617,F,West,1968
1618,M,East,1975
1619,F,South,1987
1620,F,South,1995
1621,F,South,1999
1622,F,West,1955
1623,F,South,1960
1624,F,East,1968
1625,F,North,1982
1626,F,North,1979
1627,F,East,1993
1628,F,East,1977
1629,M,East,1997
1630,F,West,1993
1631,F,North,1971
1632,M,West,1985
1633,M,North,1982
1634,M,East,1961
1635,F,South,1972
1636,M,East,1970
1637,F,East,1960
1638,M,West,1956
1639,F,South,1974
1640,M,West,1977
1641,F,South,1956
1642,M,South,1979
1643,F,South,2001
1644,M,East,1960
1645,M,West,1997
1646,M,East,1994
1647,M,North,1983
1648,F,West,1963
1649,F,North,1963
1650,F,East,1968
1651,M,North,1999
1652,M,North,1969
1653,M,North,2000
1654,M,West,1970
1655,M,South,2002
1656,M,South,2005
1657,M,West,1999
1658,M,South,1998
1659,M,East,1963
1660,M,West,1982
1661,M,West,1958
1662,M,South,1994
1663,F,West,1966
1664,F,North,1976
1665,M,West,1955
1666,M,West,1998
1667,M,West,1994
1668,F,East,1958
1669,M,East,1996
1670,M,North,1987
1671,M,North,1974
1672,M,South,1989
1673,M,North,2001
1674,M,West,1956
1675,F,South,1964
1676,F,East,1962
1677,F,South,1968
1678,M,East,1981
1679,M,West,1967
1680,F,West,1967
1681,M,East,1983
1682,M,South,1962
1683,F,East,1978
1684,F,North,1959
1685,M,West,1982
1686,F,East,1956
1687,M,South,1975
1688,F,East,1992
1689,M,South,1981
1690,M,West,1962
1691,M,South,1966
1692,F,West,1964
1693,M,West,2004
1694,F,South,1961
1695,M,East,1995
1696,F,North,1964
1697,M,East,1983
1698,M,South,1979
1699,F,West,1980
1700,M,South,1980
1701,F,East,1960
1702,M,South,1976
1703,M,West,1993
1704,F,South,1966
1705,M,West,1961
1706,M,West,1980
1707,M,South,1967
1708,F,East,1972
1709,F,East,1959
1710,F,North,1985
1711,F,North,1971
1712,F,East,1969
1713,F,West,1988
1714,M,South,1976
1715,F,South,1959
1716,M,South,1970
1717,M,West,1987
1718,F,East,1995
1719,M,East,1958
1720,F,West,1987
1721,M,West,1982
1722,F,East,1965
1723,F,South,1959
1724,M,South,1996
1725,M,South,1995
1726,M,East,1961
1727,F,South,2005
1728,M,West,1978
1729,M,East,1998
1730,F,East,2004
1731,M,South,1958
1732,F,North,1966
1733,M,East,1958
1734,F,West,1979
1735,M,East,1957
1736,F,South,1971
1737,F,West,1980
1738,M,North,2004
1739,F,North,1963
1740,M,South,2000
1741,M,West,1967
1742,M,West,1959
1743,F,North,2001
1744,F,South,1959
1745,M,South,1966
1746,F,North,1982
1747,F,East,1964
1748,F,North,1955
1749,M,West,1989
1750,F,East,1982
1751,M,East,2005
1752,F,East,1956
1753,F,West,1977
1754,F,North,1959
1755,F,East,1987
1756,M,South,1985
1757,M,South,1969
1758,F,East,1955
1759,F,North,1983
1760,M,West,1978
1761,F,East,1963
1762,F,West,1989
1763,F,South,1970
1764,M,South,1962
1765,M,East,1962
1766,F,West,1977
1767,F,North,2001
1768,F,South,1998
1769,F,West,1971
1770,F,North,1981
1771,F,West,1983
1772,F,South,1965
1773,F,South,1977
1774,M,East,1958
1775,F,West,1971
1776,M,South,1965
1777,M,West,1962
1778,F,East,2005
1779,F,South,1980
1780,F,South,2003
1781,F,North,1962
1782,M,East,1962
1783,F,West,1961
1784,F,West,2005
1785,F,North,1988
1786,M,East,1986
1787,F,West,1967
1788,M,West,1990
1789,F,North,1972
1790,M,South,1967
1791,M,West,1984
1792,F,East,1955
1793,M,West,1989
1794,F,West,1957
1795,M,East,1984
1796,F,East,2002
1797,F,South,1979
1798,M,West,1987
1799,F,South,1970
1800,M,East,2003
1801,M,North,1957
1802,F,North,2001
1803,M,South,1983
1804,M,West,1968
1805,F,South,1997
1806,F,West,1999
1807,M,North,1959
1808,F,North,1998
1809,M,South,1971
1810,F,West,1983
1811,M,West,1975
1812,F,West,1960
1813,F,West,1978
1814,M,North,2003
1815,F,North,1982
1816,F,North,1971
1817,F,South,1996
1818,M,North,1976
1819,M,East,1978
1820,M,South,1994
1821,F,East,1972
1822,F,West,1982
1823,F,East,1964
1824,F,West,1955
1825,F,North,1991
1826,F,East,1980
1827,F,South,2004
1828,F,West,1980
1829,F,South,1987
1830,M,South,1963
1831,F,South,1972
1832,F,North,1959
1833,F,South,1976
1834,M,East,1964
1835,F,North,1968
1836,M,West,1966
1837,M,West,1986
1838,F,South,1993
1839,F,West,1999
1840,M,West,1990
1841,F,East,2005
1842,F,East,2004
1843,F,South,2001
1844,F,South,1969
1845,F,East,1987
1846,F,East,1970
1847,M,South,1958
1848,F,East,2005
1849,M,South,1957
1850,F,North,1980
1851,M,North,1991
1852,F,West,1988
1853,F,West,1996
1854,F,South,1963
1855,M,South,1998
1856,M,South,1968
1857,M,West,2001
1858,F,East,1987
1859,M,East,2002
1860,F,West,1992
1861,M,North,1959
1862,M,South,2005
1863,M,South,2001
1864,F,West,1982
1865,M,South,1987
1866,M,East,1971
1867,F,South,1975
1868,M,East,1961
1869,F,West,1994
1870,M,North,1989
1871,M,South,1961
1872,F,West,1962
1873,M,South,2005
1874,M,East,1998
1875,M,South,1996
1876,F,West,1985
1877,F,West,1959
1878,F,East,1959
1879,M,South,1978
1880,F,North,1976
1881,F,West,1998
1882,F,South,1967
1883,F,East,1976
1884,M,West,1980
1885,M,South,1955
1886,F,East,1971
1887,M,South,1973
1888,M,East,1956
1889,F,South,2004
1890,M,North,1965
1891,F,South,1984
1892,F,East,2000
1893,M,North,1977
1894,F,North,1969
1895,M,West,1977
1896,F,West,1966
1897,F,West,1981
1898,F,East,1960
1899,F,East,1984
1900,F,South,1959
1901,M,North,2000
1902,F,East,1992
1903,M,South,1989
1904,F,South,1960
1905,M,East,1968
1906,F,North,2004
1907,M,East,1971
1908,F,South,1963
1909,F,East,1994
1910,M,West,1985
1911,M,South,1990
1912,F,East,1964
1913,M,East,1981
1914,F,North,2003
1915,M,North,1959
1916,F,West,1971
1917,M,South,1985
1918,M,West,1968
1919,F,West,1977
1920,F,West,1998
1921,M,North,1983
1922,F,East,1993
1923,F,West,1969
1924,F,North,2001
1925,M,East,1966
1926,M,East,1987
1927,M,South,1994
1928,F,North,1984
1929,M,West,1976
1930,M,South,1984
1931,F,East,1986
1932,M,West,1974
1933,F,West,1992
1934,M,East,1974
1935,M,South,1956
1936,M,South,1985
1937,M,South,2004
1938,F,East,1982
1939,M,North,1957
1940,M,East,1974
1941,M,East,1989
1942,M,West,1973
1943,M,East,1960
1944,M,East,1965
1945,M,North,1999
1946,M,East,1960
1947,M,West,1972
1948,F,South,2001
1949,M,West,1968
1950,F,North,1968
1951,M,West,1955
1952,M,South,1971
1953,F,South,1968
1954,F,East,1985
1955,F,West,1999
1956,F,West,1964
1957,F,West,1992
1958,F,North,1987
1959,M,East,1959
1960,M,North,1970
1961,M,North,1974
1962,M,South,2002
1963,F,North,1976
1964,M,South,1994
1965,M,West,1971
1966,M,East,2004
1967,F,South,2004
1968,F,South,1963
1969,M,North,1992
1970,M,West,1996
1971,M,North,1963
1972,M,South,1969
1973,M,East,2000
1974,F,West,1968
1975,F,West,1963
1976,M,South,1963
1977,F,East,1987
1978,M,East,1985
1979,F,North,1964
1980,F,East,1964
1981,F,South,1993
1982,M,North,1959
1983,F,West,1972
1984,M,North,1987
1985,M,North,2003
1986,F,East,1972
1987,M,South,1966
1988,F,West,1979
1989,M,South,1981
1990,F,North,1995
1991,F,East,1963
1992,M,South,2003
1993,F,West,1967
1994,F,East,2003
1995,F,West,1976
1996,M,West,1956
1997,F,North,1993
1998,F,South,2002
1999,F,South,1969
2000,M,West,1977
2001,M,East,1967
2002,M,East,1999
2003,M,North,2001
2004,M,North,1974
2005,F,South,1967
2006,F,West,1981
2007,M,South,1996
2008,F,North,1971
2009,F,South,1985
2010,M,West,1980
2011,M,South,1976
2012,F,West,1995
2013,M,East,1986
2014,M,South,1976
2015,M,East,1982
2016,F,North,1996
2017,M,North,2001
2018,F,West,1955
2019,F,North,1958
2020,F,East,1970
2021,M,West,1997
2022,F,West,1977
2023,F,West,1992
2024,F,North,1995
2025,F,West,2002
2026,F,West,1990
2027,F,East,1968
2028,M,West,1997
2029,F,South,1997
2030,M,West,1957
2031,M,West,1955
2032,M,East,1998
2033,F,South,1970
2034,M,North,1962
2035,M,South,1955
2036,F,West,1975
2037,M,South,1956
2038,F,North,1966
2039,F,South,1968
2040,F,South,1976
2041,F,West,1974
2042,M,East,1971
2043,M,West,1961
2044,M,West,1975
2045,F,South,1988
2046,M,North,1976
2047,F,East,1976
2048,M,West,1975
2049,F,South,1967
2050,M,West,1999
2051,M,North,1960
2052,M,West,1979
2053,F,East,1998
2054,F,East,1985
2055,F,South,1979
2056,F,West,1986
2057,M,East,1983
2058,F,West,2002
2059,M,East,1989
2060,M,North,1966
2061,F,North,1970
2062,F,East,1963
2063,F,East,1967
2064,F,West,1966
2065,F,West,1980
2066,M,East,1969
2067,M,East,1958
2068,F,West,2003
2069,M,East,1964
2070,M,North,2002
2071,M,West,1998
2072,F,North,1992
2073,F,West,2002
2074,M,East,1966
2075,F,South,1976
2076,M,West,1992
2077,M,West,1984
2078,M,South,1969
2079,F,South,1990
2080,M,North,1959
2081,M,East,2003
2082,F,South,1958
2083,F,West,1980
2084,M,South,1997
2085,M,South,1973
2086,F,East,1968
2087,M,East,1981
2088,M,North,1992
2089,M,East,1980
2090,M,North,1996
2091,M,South,1977
2092,F,North,1996
2093,M,North,2004
2094,F,East,2003
2095,M,South,1956
2096,F,North,1967
2097,F,South,1966
2098,M,West,1991
2099,M,West,1994
2100,M,West,1990
2101,F,South,1957
2102,M,West,1958
2103,M,East,1985
2104,M,South,1995
2105,M,West,1982
2106,F,West,1994
2107,M,North,1965
2108,F,South,2001
2109,M,West,1997
2110,F,South,1970
2111,F,South,1992
2112,F,East,1983
2113,F,West,1969
2114,F,East,1975
2115,F,West,1968
2116,M,South,1970
2117,M,South,1981
2118,F,South,1982
2119,M,South,1968
2120,M,West,1990
2121,M,North,1964
2122,F,South,2001
2123,F,West,1963
2124,M,South,1982
2125,M,North,1968
2126,M,West,1973
2127,M,South,1967
2128,M,East,2005
2129,F,North,1991
2130,F,East,1993
2131,M,East,1957
2132,F,South,1961
2133,F,East,1982
2134,M,West,1968
2135,F,North,1991
2136,F,West,2002
2137,F,East,1976
2138,F,West,1985
2139,M,North,1955
2140,F,East,2001
2141,F,North,1966
2142,F,South,1978
2143,F,South,1984
2144,M,West,2000
2145,M,West,2002
2146,M,East,1981
2147,F,East,1970
2148,M,South,1975
2149,M,South,1958
2150,M,North,1956
2151,M,South,1975
2152,F,South,1961
2153,M,North,1991
2154,M,South,1961
2155,M,West,1956
2156,M,North,1966
2157,F,South,1955
2158,M,North,1957
2159,M,South,1955
2160,F,South,1989
2161,F,East,1970
2162,M,North,2005
2163,M,West,1962
2164,M,South,1975
2165,F,West,2005
2166,M,East,1959
2167,F,West,1985
2168,F,East,1980
2169,F,North,1955
2170,M,East,1977
2171,M,South,1967
2172,F,East,1986
2173,M,North,1959
2174,M,North,1974
2175,F,South,2005
2176,F,South,1982
2177,F,West,1961
2178,M,South,1967
2179,F,East,1986
2180,M,South,2000
2181,F,West,1972
2182,M,South,2000
2183,M,West,1999
2184,F,South,1962
2185,M,North,1983
2186,F,South,1974
2187,M,East,1980
2188,F,North,1972
2189,F,South,2000
2190,M,South,1956
2191,F,North,1997
2192,M,North,2001
2193,M,North,1996
2194,F,East,2003
2195,F,South,1978
2196,F,West,1997
2197,F,South,1962
2198,F,South,1976
2199,M,North,1988
2200,F,West,1986
2201,M,South,1989
2202,F,South,1979
2203,M,North,1961
2204,F,South,1968
2205,F,East,1998
2206,F,South,1983
2207,M,East,1991
2208,F,North,1991
2209,F,South,1961
2210,M,East,1987
2211,M,South,1971
2212,M,North,1973
2213,M,North,1979
2214,F,South,1962
2215,F,North,1966
2216,F,East,1957
2217,F,North,1985
2218,M,North,1998
2219,M,East,1962
2220,F,South,1958
2221,M,North,1986
2222,F,South,1961
2223,F,East,1968
2224,F,South,1988
2225,M,North,1959
2226,M,North,1966
2227,M,North,1991
2228,F,East,1981
2229,M,North,1975
2230,F,South,1967
2231,F,West,1979
2232,M,West,1988
2233,M,North,1996
2234,M,East,1998
2235,M,South,2002
2236,M,South,1971
2237,M,East,1975
2238,F,South,1969
2239,M,North,1980
2240,F,South,1987
2241,F,West,1989
2242,F,East,1980
2243,M,South,1966
2244,F,South,1976
2245,F,East,1964
2246,F,South,1963
2247,F,East,1990
2248,M,North,1988
2249,M,East,1975
2250,F,South,1987
2251,M,South,1964
2252,F,North,1999
2253,F,South,1961
2254,F,West,1982
2255,F,West,1972
2256,F,South,1969
2257,F,South,1994
2258,F,South,1984
2259,M,East,1979
2260,F,South,2004
2261,M,East,2004
2262,M,South,1999
2263,F,South,1984
2264,F,South,1970
2265,M,North,1964
2266,F,East,1979
2267,F,North,1966
2268,F,South,1994
2269,M,North,1955
2270,F,North,1963
2271,M,West,1974
2272,M,North,1992
2273,M,East,1972
2274,F,South,1983
2275,M,South,1991
2276,M,West,2003
2277,F,West,1966
2278,M,East,1991
2279,F,East,1986
2280,F,South,1966
2281,F,South,1991
2282,F,North,1993
2283,F,East,1966
2284,M,West,1987
2285,F,South,1997
2286,F,South,1986
2287,F,North,1987
2288,M,West,1978
2289,M,South,1985
2290,F,East,2001
2291,F,East,1984
2292,M,East,1980
2293,M,North,1956
2294,M,North,1971
2295,F,East,1955
2296,F,West,1985
2297,F,South,1983
2298,M,South,1965
2299,M,South,1999
2300,M,East,1958
2301,F,East,1990
2302,M,East,1962
2303,M,North,1990
2304,M,North,2001
2305,M,East,1975
2306,M,East,1965
2307,M,West,1966
2308,M,South,1980
2309,M,North,1981
2310,F,South,1988
2311,F,East,1964
2312,F,East,1963
2313,M,West,1993
2314,M,West,1967
2315,M,North,1966
2316,F,North,1971
2317,M,South,1958
2318,F,South,1993
2319,M,North,1982
2320,M,East,1995
2321,F,North,1974
2322,F,South,1961
2323,M,North,1962
2324,M,South,1989
2325,M,South,1983
2326,M,South,2001
2327,M,West,1969
2328,F,East,1985
2329,F,South,1966
2330,M,East,1975
2331,M,East,2002
2332,M,North,1970
2333,M,West,1993
2334,M,West,1986
2335,M,East,1960
2336,F,East,1978
2337,F,North,1986
2338,M,North,1972
2339,M,South,1998
2340,F,West,1964
2341,F,West,1983
2342,F,East,1963
2343,F,South,1967
2344,M,East,2005
2345,F,East,1981
2346,M,South,1991
2347,M,West,1962
2348,M,East,1956
2349,M,East,1996
2350,F,North,1958
2351,F,West,1964
2352,M,East,1968
2353,F,South,1979
2354,F,East,1995
2355,F,North,1968
2356,M,West,1964
2357,M,West,1962
2358,M,North,1960
2359,F,North,1959
2360,F,South,1975
2361,F,North,2003
2362,F,East,1977
2363,F,West,1991
2364,F,West,1973
2365,F,East,2003
2366,F,East,1974
2367,M,East,1964
2368,F,South,1972
2369,F,South,1974
2370,F,East,2002
2371,M,West,1965
2372,F,West,1969
2373,F,East,1986
2374,M,West,1965
2375,M,North,1983
2376,F,South,1994
2377,F,East,1993
2378,F,North,1955
2379,M,South,2001
2380,F,East,1981
2381,F,North,1989
2382,F,South,1962
2383,F,West,1966
2384,M,South,1982
2385,F,South,2002
2386,M,East,1973
2387,M,South,1983
2388,M,East,1996
2389,F,West,1996
2390,M,East,1972
2391,M,South,1988
2392,M,East,2005
2393,F,West,1973
2394,F,East,1978
2395,F,North,1988
2396,M,South,1986
2397,M,North,1956
2398,M,North,1986
2399,F,South,1962
2400,F,East,1999
2401,M,West,1963
2402,F,North,1977
2403,M,West,1983
2404,M,East,1961
2405,F,East,1959
2406,M,North,1994
2407,F,West,1986
2408,M,East,1994
2409,F,South,1957
2410,M,North,1964
2411,M,East,1994
2412,F,North,1983
2413,F,North,1999
2414,M,South,1973
2415,F,East,1979
2416,M,South,1974
2417,F,North,2001
2418,M,East,1992
2419,F,West,2000
2420,M,North,1964
2421,M,East,2005
2422,M,South,1965
2423,M,North,1968
2424,M,East,2005
2425,M,South,1985
2426,M,West,1959
2427,F,South,1997
2428,M,North,1982
2429,M,South,1973
2430,M,East,1987
2431,F,North,1956
2432,M,North,1983
2433,F,East,1972
2434,F,South,2000
2435,M,East,1964
2436,F,East,1992
2437,M,North,1969
2438,M,North,1976
2439,M,East,1981
2440,M,West,1981
2441,M,West,1976
2442,M,West,1975
2443,F,West,1985
2444,F,South,1988
2445,M,North,1960
2446,M,West,1967
2447,F,East,1994
2448,M,North,1969
2449,F,South,1981
2450,M,North,1985
2451,F,West,2002
2452,M,South,1996
2453,F,South,1977
2454,M,East,2000
2455,F,East,1989
2456,M,South,1962
2457,M,North,1987
2458,M,East,1982
2459,F,West,1961
2460,F,South,1990
2461,F,North,1997
2462,F,North,1967
2463,M,East,1996
2464,F,North,1985
2465,M,East,1967
2466,M,North,1989
2467,F,North,2004
2468,F,South,1961
2469,M,North,1976
2470,M,North,1994
2471,F,North,1988
2472,M,West,1963
2473,M,East,1986
2474,M,West,1989
2475,F,South,1957
2476,M,South,1975
2477,M,West,1967
2478,M,North,1987
2479,M,South,1990
2480,M,North,1964
2481,F,East,1990
2482,M,North,1972
2483,M,West,1985
2484,F,North,1999
2485,M,North,1994
2486,M,North,1955
2487,F,East,1985
2488,M,South,1980
2489,M,North,1970
2490,M,South,1992
2491,M,North,1966
2492,M,South,2002
2493,F,East,1997
2494,F,South,1997
2495,F,South,2005
2496,F,East,1983
2497,F,South,1966
2498,F,North,1959
2499,F,West,1996
2500,F,North,1956
2501,F,East,1966
2502,M,East,1968
2503,F,East,2001
2504,F,North,1984
2505,F,West,1989
2506,F,South,2001
2507,M,West,1971
2508,M,East,1957
2509,F,West,1963
2510,M,West,1961
2511,F,North,1974
2512,F,West,1966
2513,F,South,1961
2514,F,North,1983
2515,F,South,1983
2516,F,West,1972
2517,F,East,1956
2518,M,East,2002
2519,M,North,1965
2520,F,South,1980
2521,F,West,1981
2522,M,North,1973
2523,F,South,1992
2524,F,North,1974
2525,M,South,1978
2526,F,East,1993
2527,F,North,1967
2528,M,West,1960
2529,M,South,1994
2530,M,West,1991
2531,M,North,1955
2532,F,North,1956
2533,M,South,1992
2534,M,South,1995
2535,F,North,1984
2536,F,North,1978
2537,F,South,1995
2538,M,East,1992
2539,F,West,1981
2540,M,West,1984
2541,M,North,1963
2542,F,North,1991
2543,M,South,1970
2544,F,West,1989
2545,F,West,1982
2546,M,North,1966
2547,M,East,1966
2548,M,North,2005
2549,F,North,1963
2550,F,North,1983
2551,F,West,2005
2552,M,East,2005
2553,F,East,1975
2554,M,West,1971
2555,F,East,1987
2556,M,West,1988
2557,F,South,1980
2558,F,South,1972
2559,F,West,1988
2560,F,West,1992
2561,M,West,1979
2562,F,West,2005
2563,F,West,1988
2564,M,West,2004
2565,F,East,2002
2566,F,South,1999
2567,F,South,1969
2568,F,North,1956
2569,F,South,1977
2570,M,South,1999
2571,M,North,1960
2572,M,North,1993
2573,M,West,1973
2574,M,West,1988
2575,M,South,1991
2576,M,North,2000
2577,M,West,1977
2578,F,East,1969
2579,F,West,1956
2580,F,West,1992
2581,M,North,1979
2582,M,South,1998
2583,M,South,1962
2584,M,East,1965
2585,M,South,1983
2586,F,North,1959
2587,F,East,1991
2588,F,South,1974
2589,M,North,1966
2590,F,North,1970
2591,F,West,1975
2592,M,South,1991
2593,F,West,2004
2594,F,South,1975
2595,M,South,1982
2596,M,West,1988
2597,F,West,1962
2598,F,West,2000
2599,F,South,1985
2600,M,North,1975
2601,M,South,1957
2602,M,West,2001
2603,F,North,1975
2604,M,North,1983
2605,M,North,1986
2606,M,West,2003
2607,M,South,1980
2608,F,North,1967
2609,F,East,1969
2610,F,South,1956
2611,M,East,2003
2612,M,South,1987
2613,M,South,1985
2614,F,East,1955
2615,F,South,1969
2616,F,West,1993
2617,M,South,1969
2618,F,North,1974
2619,F,West,1961
2620,F,South,1990
2621,F,East,1997
2622,F,East,1966
2623,F,South,1967
2624,F,North,1959
2625,M,East,1997
2626,F,West,1960
2627,M,West,1959
2628,M,South,1999
2629,M,South,1993
2630,M,East,1997
2631,M,North,2001
2632,F,West,1960
2633,F,North,1960
2634,M,East,1965
2635,M,East,1981
2636,F,East,1970
2637,M,East,1999
2638,M,West,1957
2639,M,North,1976
2640,M,East,1986
2641,F,West,1979
2642,M,North,1972
2643,M,North,1973
2644,F,North,2002
2645,F,West,1984
2646,F,South,1989
2647,F,South,2005
2648,F,South,2000
2649,F,East,1981
2650,M,South,1972
2651,F,South,1967
2652,M,West,1998
2653,F,East,1985
2654,F,West,1957
2655,M,West,1985
2656,M,South,1978
2657,F,North,1991
2658,M,North,1976
2659,F,East,1987
2660,F,West,1999
2661,M,East,1969
2662,F,North,1992
2663,M,West,1996
2664,M,West,1968
2665,F,East,2002
2666,F,West,1969
2667,M,West,1983
2668,F,East,1980
2669,F,East,1976
2670,M,West,1958
2671,F,West,1987
2672,F,East,1959
2673,M,North,1982
2674,F,West,2003
2675,F,East,1989
2676,M,South,1996
2677,F,East,1986
2678,F,East,1983
2679,M,North,2000
2680,F,South,1978
2681,M,West,1984
2682,M,East,1963
2683,F,East,2002
2684,M,North,1972
2685,F,East,1965
2686,F,East,1976
2687,M,West,1991
2688,F,East,1977
2689,F,North,1983
2690,F,East,1967
2691,M,South,1986
2692,M,East,1998
2693,F,North,1964
2694,M,South,1997
2695,F,North,2002
2696,F,East,1960
2697,F,East,1975
2698,M,North,1989
2699,F,West,1957
2700,F,East,1975
2701,F,South,1974
2702,F,North,2004
2703,M,East,1997
2704,M,South,1988
2705,F,East,1957
2706,F,East,1999
2707,M,West,1999
2708,F,West,1994
2709,F,North,1991
2710,F,South,1959
2711,F,South,2004
2712,F,South,1965
2713,F,East,2002
2714,F,East,1971
2715,M,North,1958
2716,M,North,1962
2717,F,East,1995
2718,F,East,2001
2719,F,South,1976
2720,M,East,1986
2721,M,South,1981
2722,M,North,1960
2723,F,East,1985
2724,F,East,1958
2725,M,South,2001
2726,F,North,1993
2727,F,West,1984
2728,M,East,1997
2729,M,South,1987
2730,M,East,1985
2731,M,West,1982
2732,M,West,1979
2733,F,North,2003
2734,F,South,1971
2735,M,West,1985
2736,F,South,2004
2737,M,South,1990
2738,F,North,2000
2739,F,West,1997
2740,F,South,1971
2741,F,North,1964
2742,F,East,2005
2743,M,East,2002
2744,M,West,1976
2745,F,South,1985
2746,M,East,1984
2747,M,East,2005
2748,M,East,1974
2749,M,West,1968
2750,M,South,1969
2751,M,South,1997
2752,M,West,1973
2753,M,North,1994
2754,M,West,1985
2755,F,West,1991
2756,F,East,1977
2757,M,North,1998
2758,M,North,1968
2759,F,West,1976
2760,M,East,1984
2761,F,West,2002
2762,F,North,1962
2763,M,South,1998
2764,M,East,1985
2765,F,East,1970
2766,M,East,1993
2767,F,West,1978
2768,M,South,1975
2769,M,North,1962
2770,M,South,1972
2771,M,North,1992
2772,F,South,1960
2773,F,South,1968
2774,F,East,1984
2775,M,South,1968
2776,M,South,1961
2777,M,North,1958
2778,F,North,1973
2779,F,South,1979
2780,F,East,1979
2781,M,East,1973
2782,M,North,1984
2783,M,West,1997
2784,F,North,1984
2785,M,East,1969
2786,M,West,2002
2787,F,North,1983
2788,F,North,1989
2789,M,West,1987
2790,F,North,1993
2791,M,East,1994
2792,M,West,1977
2793,M,East,1977
2794,F,South,1997
2795,F,North,1991
2796,F,South,1996
2797,M,South,1984
2798,F,South,1970
2799,M,North,1987
2800,F,West,1981
2801,M,East,1964
2802,M,North,1974
2803,F,East,1958
2804,M,West,1974
2805,F,North,1969
2806,M,East,1992
2807,M,South,1969
2808,M,North,2001
2809,M,East,1971
2810,M,South,1974
2811,F,West,2003
2812,M,South,1971
2813,M,South,1966
2814,F,South,1965
2815,F,East,1984
2816,M,East,1980
2817,F,West,2002
2818,F,South,1979
2819,M,South,1999
2820,M,South,1971
2821,F,South,1995
2822,M,South,1955
2823,M,North,2004
2824,M,West,1980
2825,M,East,1957
2826,F,East,1997
2827,M,North,1965
2828,F,East,2001
2829,F,South,1982
2830,F,East,1982
2831,M,South,1984
2832,F,West,1989
2833,F,East,1961
2834,M,North,1987
2835,M,East,2002
2836,M,South,1981
2837,F,North,1983
2838,F,South,1981
2839,M,West,1996
2840,M,East,1985
2841,M,West,2001
2842,M,West,1959
2843,F,North,1988
2844,M,South,1991
2845,F,East,1975
2846,F,North,1980
2847,M,East,1997
2848,M,West,1959
2849,F,North,1987
2850,M,West,1996
2851,F,East,1956
2852,F,West,1977
2853,M,West,2005
2854,M,North,1997
2855,F,West,1983
2856,M,West,1972
2857,M,South,1989
2858,F,East,1964
2859,F,East,1993
2860,F,West,1987
2861,F,East,1986
2862,M,North,1996
2863,M,North,1991
2864,M,East,1977
2865,M,North,1955
2866,F,South,1971
2867,F,West,2000
2868,M,East,1990
2869,M,South,1981
2870,M,East,2002
2871,M,East,1993
2872,F,East,1955
2873,F,South,1992
2874,F,North,1968
2875,F,South,1958
2876,F,South,1986
2877,M,South,1975
2878,M,West,2001
2879,F,East,1997
2880,M,West,2004
2881,M,North,1956
2882,M,North,1979
2883,M,North,1992
2884,M,North,2002
2885,F,South,1968
2886,M,West,1967
2887,M,West,1998
2888,M,North,1973
2889,M,West,1966
2890,F,West,1985
2891,M,West,1988
2892,M,West,1995
2893,M,West,1977
2894,F,South,1963
2895,F,South,1970
2896,F,West,1978
2897,M,West,1962
2898,F,West,1991
2899,M,North,1985
2900,F,North,1986
2901,F,West,1996
2902,F,South,1977
2903,F,North,1992
2904,M,East,1990
2905,M,North,1986
2906,F,North,1977
2907,F,East,1977
2908,F,West,1987
2909,F,North,1995
2910,F,North,1980
2911,F,West,1994
2912,M,North,1957
2913,M,North,1955
2914,M,West,1967
2915,M,North,1981
2916,F,West,2004
2917,F,North,1981
2918,F,West,1998
2919,M,East,1976
2920,F,North,1965
2921,M,East,1969
2922,F,South,1984
2923,M,South,1972
2924,F,East,1998
2925,F,North,1978
2926,M,East,1986
2927,F,East,1976
2928,M,West,1959
2929,F,East,1959
2930,F,East,1976
2931,M,West,2002
2932,M,West,2003
2933,F,West,2005
2934,M,East,1993
2935,F,North,1976
2936,F,South,1961
2937,M,East,2004
2938,F,North,1975
2939,M,West,1989
2940,F,East,1964
2941,F,East,2004
2942,M,East,1966
2943,F,West,1991
2944,M,West,1977
2945,M,South,1992
2946,M,West,1967
2947,F,West,1957
2948,M,West,1960
2949,F,West,1984
2950,F,North,1995
2951,M,North,1957
2952,M,East,1956
2953,F,North,1984
2954,F,West,1982
2955,F,West,2003
2956,M,South,2003
2957,M,West,1997
2958,F,West,1994
2959,F,East,1988
2960,F,West,1985
2961,M,East,1971
2962,F,West,1963
2963,M,East,1974
2964,M,East,1967
2965,M,East,1981
2966,M,North,1990
2967,M,West,1958
2968,F,West,1981
2969,M,South,1962
2970,F,East,1963
2971,M,West,1975
2972,M,South,1989
2973,F,West,1982
2974,M,East,1981
2975,F,North,1961
2976,M,South,2004
2977,M,South,1999
2978,F,East,1988
2979,F,East,1968
2980,F,South,1983
2981,F,West,2000
2982,M,North,1983
2983,M,West,1975
2984,M,East,2003
2985,F,East,1956
2986,M,West,2005
2987,F,East,1964
2988,F,East,1978
2989,F,South,1981
2990,F,South,2005
2991,M,West,2005
2992,F,East,1986
2993,M,East,1999
2994,M,North,1977
2995,M,East,2002
2996,M,West,1998
2997,F,North,1990
2998,M,North,1975
2999,F,East,1976
3000,M,West,1977
